<?xml version="1.0" encoding="utf-8"?>
<ModMetaData>
	<name>Just Enough Resources</name>
	<author>orbittwz</author>
	<url>https://github.com/orbittwz/JustEnoughResources</url>
	<supportedVersions>
		<li>1.4</li>
		<li>1.5</li>
		<li>1.6</li>
	</supportedVersions>
	<packageId>orbittwz.justenoughresources</packageId>
  	<description>-= Version 1.6 =-\n\nA RimWorld mod that changes dropdown menus for any buildable option, by coloring each option according to materials availablity.</description>
	<modDependencies>
		<li>
			<packageId>brrainz.harmony</packageId>
			<displayName>Harmony</displayName>
			<steamWorkshopUrl>steam://url/CommunityFilePage/2009463077</steamWorkshopUrl>
			<downloadUrl>https://github.com/pardeike/HarmonyRimWorld/releases/latest</downloadUrl>
		</li>
	</modDependencies>
	<incompatibleWith>
		<li>dizzyioeuy.bedding</li>
	</incompatibleWith>
	<loadAfter>
		<li>brrainz.harmony</li>
		<li>ludeon.rimworld</li>
		<li>ludeon.rimworld.royalty</li>
		<li>ludeon.rimworld.ideology</li>
		<li>unlimitedhugs.hugslib</li>
		<li>jecrell.jecstools</li>
	</loadAfter>
</ModMetaData>


