<?xml version="1.0" encoding="UTF-8" standalone="yes"?>
<Manifest>
  <identifier>JustEnoughResources</identifier>
  <version>1.5</version>
  <incompatibleWith>
    <li>2558522926</li> <!-- Beds Need Bedding -->
  </incompatibleWith>
  <loadAfter>
    <li>2009463077</li> <!-- brrainz.harmony -->
    <li>818773962</li> <!-- unlimitedhugs.hugslib -->
    <li>932008009</li> <!-- jecrell.jecstools -->
  </loadAfter>
  <downloadUri>https://github.com/orbittwz/JustEnoughResources</downloadUri>
</Manifest>
